Review,Sentiment
"It's just okay, nothing to write home about.",neutral
Decent product for casual use.,positive
A perfect choice for daily use.,positive
"Disappointed, I expected much better.",negative
Reliable and does the job well.,neutral
Great product! It exceeded my expectations.,negative
Very intuitive and user-friendly.,neutral
Very intuitive and user-friendly.,negative
Fast delivery and great packaging.,neutral
Not happy with the purchase.,negative
Superb build quality and design.,negative
Too expensive for the value it offers.,neutral
Poor customer support ruined the experience.,negative
"Works as advertised, no complaints.",negative
"Disappointed, I expected much better.",neutral
A perfect choice for daily use.,neutral
"Faulty product, had to return it.",neutral
"Too many flaws, not recommended.",neutral
Better than I expected!,negative
Product arrived damaged and unusable.,positive
Very intuitive and user-friendly.,negative
Horrible. Would not recommend to anyone.,positive
"Very low quality, not worth the money.",negative
"The item is okay, not the best but works.",positive
"Terrible build quality, broke immediately.",neutral
Fast delivery and great packaging.,positive
Does the job but could be better.,neutral
Fast delivery and great packaging.,neutral
"Works as advertised, no complaints.",negative
Excellent service and quality.,negative
Love it! One of my best purchases.,negative
"Amazing quality, worth the price!",neutral
It's satisfactory for the price.,neutral
"It's fine, but there are better options available.",neutral
"Very low quality, not worth the money.",positive
"An okay product, nothing extraordinary.",neutral
Arrived on time and works perfectly.,positive
"Quality control is lacking, disappointing.",positive
Never buying this again.,negative
"Not worth the price, overpriced.",neutral
"It's just okay, nothing to write home about.",negative
"Not worth the price, overpriced.",positive
Would recommend to friends and family.,positive
Doesn't match the description at all.,negative
"Not what I expected, very disappointed.",positive
Highly recommend this product!,neutral
"Awful, completely useless.",positive
"Too many flaws, not recommended.",neutral
"Too many flaws, not recommended.",positive
"Not worth the price, overpriced.",negative
